<?xml version="1.0" encoding="UTF-8"?>
<project xmlns="http://maven.apache.org/POM/4.0.0" xmlns:xsi="http://www.w3.org/2001/XMLSchema-instance" xsi:schemaLocation="http://maven.apache.org/POM/4.0.0 http://maven.apache.org/maven-v4_0_0.xsd">
  <modelVersion>4.0.0</modelVersion>
  <groupId>me.korolkotov</groupId>
  <artifactId>MultiBroadcast</artifactId>
  <name>MultiBroadcast</name>
  <version>1.0</version>
  <build>
    <resources>
      <resource>
        <filtering>true</filtering>
        <directory>${project.basedir}/src/main/resources</directory>
      </resource>
    </resources>
    <plugins>
      <plugin>
        <artifactId>maven-shade-plugin</artifactId>
        <version>3.4.1</version>
        <executions>
          <execution>
            <phase>package</phase>
            <goals>
              <goal>shade</goal>
            </goals>
          </execution>
        </executions>
        <configuration>
          <filters>
            <filter>
              <artifact>*:*</artifact>
              <excludes>
                <exclude>META-INF/*.MF</exclude>
              </excludes>
            </filter>
          </filters>
          <relocations>
            <relocation>
              <pattern>dev.dejvokep.boostedyaml</pattern>
              <shadedPattern>me.korolkotov.multibroadcast.libs</shadedPattern>
            </relocation>
          </relocations>
        </configuration>
      </plugin>
      <plugin>
        <artifactId>maven-compiler-plugin</artifactId>
        <version>3.8.1</version>
        <configuration>
          <source>${java.version}</source>
          <target>${java.version}</target>
        </configuration>
      </plugin>
      <plugin>
        <groupId>org.codehaus.mojo</groupId>
        <artifactId>templating-maven-plugin</artifactId>
        <version>1.0.0</version>
        <executions>
          <execution>
            <id>filter-src</id>
            <goals>
              <goal>filter-sources</goal>
            </goals>
          </execution>
        </executions>
      </plugin>
      <plugin>
        <artifactId>maven-site-plugin</artifactId>
        <version>3.9.1</version>
        <dependencies>
          <dependency>
            <groupId>net.trajano.wagon</groupId>
            <artifactId>wagon-git</artifactId>
            <version>2.0.4</version>
          </dependency>
          <dependency>
            <groupId>org.apache.maven.doxia</groupId>
            <artifactId>doxia-module-markdown</artifactId>
            <version>1.9.1</version>
          </dependency>
        </dependencies>
      </plugin>
      <plugin>
        <artifactId>maven-release-plugin</artifactId>
        <version>3.0.0-M1</version>
        <configuration>
          <autoVersionSubmodules>true</autoVersionSubmodules>
          <tagNameFormat>@{project.version}</tagNameFormat>
          <scmCommentPrefix>[RELEASE]</scmCommentPrefix>
          <goals>install deploy site-deploy</goals>
          <releaseProfiles>release</releaseProfiles>
        </configuration>
      </plugin>
    </plugins>
  </build>
  <profiles>
    <profile>
      <id>release</id>
      <build>
        <resources>
          <resource>
            <filtering>true</filtering>
            <directory>src/main/resources</directory>
          </resource>
        </resources>
        <plugins>
          <plugin>
            <artifactId>maven-source-plugin</artifactId>
            <version>3.2.0</version>
            <executions>
              <execution>
                <id>attach-sources</id>
                <goals>
                  <goal>jar-no-fork</goal>
                </goals>
              </execution>
            </executions>
          </plugin>
          <plugin>
            <artifactId>maven-javadoc-plugin</artifactId>
            <version>3.2.0</version>
            <executions>
              <execution>
                <id>attach-javadocs</id>
                <goals>
                  <goal>jar</goal>
                </goals>
              </execution>
            </executions>
          </plugin>
          <plugin>
            <artifactId>maven-gpg-plugin</artifactId>
            <version>1.6</version>
            <executions>
              <execution>
                <id>sign-artifacts</id>
                <phase>verify</phase>
                <goals>
                  <goal>sign</goal>
                </goals>
              </execution>
            </executions>
          </plugin>
        </plugins>
      </build>
    </profile>
  </profiles>
  <repositories>
    <repository>
      <id>papermc-repo</id>
      <url>https://repo.papermc.io/repository/maven-public/</url>
    </repository>
  </repositories>
  <dependencies>
    <dependency>
      <groupId>com.velocitypowered</groupId>
      <artifactId>velocity-api</artifactId>
      <version>3.3.0-SNAPSHOT</version>
      <scope>provided</scope>
    </dependency>
  </dependencies>
  <reporting>
    <plugins>
      <plugin>
        <artifactId>maven-javadoc-plugin</artifactId>
        <version>3.2.0</version>
      </plugin>
    </plugins>
  </reporting>
  <properties>
    <java.version>17</java.version>
    <project.build.sourceEncoding>UTF-8</project.build.sourceEncoding>
  </properties>
</project>
